﻿{"cameraMode":{"drawMode":0,"name":"Shaded","section":"Shading Mode"},"sceneLighting":true,"audioPlay":false,"sceneViewState":{"showFog":true,"showMaterialUpdate":false,"showSkybox":true,"showFlares":true,"showImageEffects":true,"showParticleSystems":true},"in2DMode":false,"pivot":{"x":384.41693115234377,"y":312.5636901855469,"z":-137.25271606445313},"rotation":{"x":-0.31009116768836977,"y":-0.010840514674782753,"z":0.0035360620822757484,"w":-0.950638473033905},"size":491.0765686035156,"orthographic":false}